<keymap version="1" name="XWin copy 1" parent="Default for XWin">
  <action id="ActivateBookmarksToolWindow" />
  <action id="ActivateCommitToolWindow" />
  <action id="ActivateDebugToolWindow" />
  <action id="ActivateFindToolWindow" />
  <action id="ActivateProblemsViewToolWindow">
    <keyboard-shortcut first-keystroke="ctrl p" />
  </action>
  <action id="ActivateProjectToolWindow">
    <keyboard-shortcut first-keystroke="alt 1" />
    <keyboard-shortcut first-keystroke="ctrl n" />
  </action>
  <action id="ActivateRunToolWindow" />
  <action id="ActivateServicesToolWindow" />
  <action id="ActivateStructureToolWindow">
    <keyboard-shortcut first-keystroke="ctrl m" />
  </action>
  <action id="ActivateTerminalToolWindow">
    <keyboard-shortcut first-keystroke="alt t" />
  </action>
  <action id="ActivateVersionControlToolWindow">
    <keyboard-shortcut first-keystroke="ctrl g" />
  </action>
  <action id="Back">
    <keyboard-shortcut first-keystroke="shift ctrl p" />
    <keyboard-shortcut first-keystroke="shift ctrl o" />
  </action>
  <action id="ChangesView.SetDefault" />
  <action id="CheckinProject" />
  <action id="CloseAllEditorsButActive">
    <keyboard-shortcut first-keystroke="alt w" />
  </action>
  <action id="CloseContent">
    <keyboard-shortcut first-keystroke="ctrl w" />
  </action>
  <action id="CodeCompletion" />
  <action id="CollapseAll">
    <keyboard-shortcut first-keystroke="ctrl subtract" />
  </action>
  <action id="CollapseExpandableComponent">
    <keyboard-shortcut first-keystroke="shift enter" />
    <keyboard-shortcut first-keystroke="ctrl subtract" />
  </action>
  <action id="CollapseRegion">
    <keyboard-shortcut first-keystroke="ctrl subtract" />
  </action>
  <action id="CommentByBlockComment" />
  <action id="CommentByLineComment" />
  <action id="DatabaseView.Tools" />
  <action id="EditorDecreaseFontSizeGlobal">
    <keyboard-shortcut first-keystroke="ctrl minus" />
  </action>
  <action id="EditorDown">
    <keyboard-shortcut first-keystroke="ctrl j" />
  </action>
  <action id="EditorIncreaseFontSizeGlobal">
    <keyboard-shortcut first-keystroke="ctrl plus" />
  </action>
  <action id="EditorJoinLines" />
  <action id="EditorLeft">
    <keyboard-shortcut first-keystroke="ctrl h" />
  </action>
  <action id="EditorRight">
    <keyboard-shortcut first-keystroke="ctrl l" />
  </action>
  <action id="EditorScrollToCenter" />
  <action id="EditorSelectWord">
    <keyboard-shortcut first-keystroke="ctrl space" />
  </action>
  <action id="EditorUp">
    <keyboard-shortcut first-keystroke="ctrl k" />
  </action>
  <action id="ExpressionTypeInfo" />
  <action id="ExternalSystem.CollapseAll">
    <keyboard-shortcut first-keystroke="ctrl subtract" />
  </action>
  <action id="ExternalSystem.ProjectRefreshAction" />
  <action id="FileChooser.NewFolder">
    <keyboard-shortcut first-keystroke="alt insert" />
  </action>
  <action id="FileChooser.TogglePathBar" />
  <action id="FindNext">
    <keyboard-shortcut first-keystroke="f3" />
  </action>
  <action id="Forward">
    <keyboard-shortcut first-keystroke="shift ctrl i" />
  </action>
  <action id="GotoClass" />
  <action id="GotoFile" />
  <action id="GotoLine" />
  <action id="GotoRow" />
  <action id="GotoUrlAction" />
  <action id="IdeaVim.ReloadVimRc.reload" />
  <action id="Images.Editor.ZoomOut">
    <keyboard-shortcut first-keystroke="ctrl subtract" />
  </action>
  <action id="InsertLiveTemplate" />
  <action id="MoveStatementDown">
    <keyboard-shortcut first-keystroke="shift ctrl j" />
  </action>
  <action id="MoveStatementUp">
    <keyboard-shortcut first-keystroke="shift ctrl k" />
  </action>
  <action id="NewFile">
    <keyboard-shortcut first-keystroke="shift ctrl n" />
  </action>
  <action id="ParameterInfo" />
  <action id="QuickImplementations" />
  <action id="ShowIntentionActions" />
  <action id="Terminal.ClearBuffer" />
  <action id="TypeHierarchy" />
  <action id="TypeHierarchyBase.BaseOnThisType" />
  <action id="UML.ShowChanges" />
  <action id="UsageFiltering.WriteAccess" />
  <action id="Vcs.Log.FocusTextFilter" />
  <action id="Vcs.Push" />
  <action id="Vcs.ShowMessageHistory" />
  <action id="Vcs.UpdateProject" />
  <action id="hg4idea.add" />
</keymap>