<keymap version="1" name="XWin copy" parent="Default for XWin">
  <action id="ActivateTerminalToolWindow">
    <keyboard-shortcut first-keystroke="alt t" />
  </action>
  <action id="CloseAllEditorsButActive">
    <keyboard-shortcut first-keystroke="alt w" />
  </action>
  <action id="CloseContent">
    <keyboard-shortcut first-keystroke="ctrl w" />
  </action>
  <action id="Console.TableResult.SubmitAndCommit" />
  <action id="Console.Transaction.Commit" />
  <action id="EditorCompleteStatement" />
  <action id="EditorSelectWord" />
  <action id="GotoTest" />
  <action id="ReopenClosedTab">
    <keyboard-shortcut first-keystroke="shift ctrl t" />
  </action>
  <action id="Run">
    <keyboard-shortcut first-keystroke="shift ctrl enter" />
  </action>
  <action id="RunClass">
    <keyboard-shortcut first-keystroke="shift ctrl alt enter" />
  </action>
  <action id="RunDashboard.Run">
    <keyboard-shortcut first-keystroke="shift ctrl alt enter" />
  </action>
  <action id="ServiceView.ShowServices" />
  <action id="SmartSelect" />
  <action id="TableResult.GrowSelection" />
  <action id="Terminal.SmartCommandExecution.Debug" />
  <action id="UsageFiltering.WriteAccess" />
</keymap>